+ Nová zakázka	+ New job
+ Nový zákazník	+ New customer
+ Přidat kontakt	+ Add contact
+ Zakázka	+ Job
. Fotografie ani PDF nejsou uložené.	. Original images and PDFs are not stored.
. Pokud tuto operaci potřebujete provést, obraťte se na administrátora Zakázkovníku.	. This action is not available in the public demonstration.
. Změnu proveď jen při chybném založení.	. Reassign only if the original customer was selected incorrectly.
01 · Prohlédněte zakázku	01 · Explore a job
02 · Vyzkoušejte formulář	02 · Try a form
03 · Najděte souvislosti	03 · See how it connects
ARES je momentálně nedostupný. Údaje lze vyplnit ručně.	Company lookup is unavailable. Enter the details manually.
ARES požadavek odmítl.	Company lookup declined the request.
Adresa	Address
Akce	Actions
Akce není povolena	Action unavailable
Aktivní	Active
Aktivní zákazníci	Active customers
Aktivní účet	Active account
Ano	Yes
Archivace	Archived
Archivace zákazníka	Customer archived
Archivované	Archived
Archivovaný	Archived
Archivovat zakázku	Archive job
Archivovat zákazníka	Archive customer
Archivováno	Archived
Bez popisu.	No description.
Bez čísla	No number
Bez čísla faktury	No invoice number
Celkem	Total
Celkem k úhradě	Total payable
Cena	Price
DPH	VAT
DUZP	Tax point
Datum vystavení	Issue date
Datum zdanitelného plnění	Tax point date
Datum úhrady	Payment date
Detail	Details
Dodavatel	Supplier
Dodavatel a odběratel	Supplier and customer
Doklad	Invoice details
Doklady u konkrétní zakázky	Documents connected to a job
Dokončena	Completed
Dokončeno	Completed on
Dokončenou zakázku nelze trvale odstranit. Lze ji archivovat.	A completed job cannot be permanently deleted. It can be archived.
Dokončená starší zakázka uložená v archivu.	An older completed job retained in the archive.
Dokončené	Completed
Dokončené zakázky	Completed jobs
Doplnění ochranných hran a úprava výšky dvou pracovních stolů.	Fit protective edges and adjust the height of two workbenches.
Dílenská 1, Modelov (smyšlená adresa)	1 Workshop Street, Modelov (fictional address)
Důvod změny	Reason for change
Důvod zrušení	Cancellation reason
Důvod:	Reason:
E-mail	Email
Export CSV	Export CSV
Faktura	Invoice
Faktura byla uložena. Původní snímek se neukládá.	Invoice details saved. The original image is not stored.
Fakturace	Billing
Faktury	Invoices
Faktury (	Invoices (
Filtrovat	Apply filters
Fotografii se nepodařilo přečíst v telefonu. Zkuste stránku obnovit a snímek pořídit znovu.	The image could not be read. Reload the page and try again.
Funkce	Contact role
Historie změn	Change history
Historie změn zákazníka (	Customer change history (
Historie – zrušené a archivované (	History — cancelled and archived (
Hlavní	Primary
Hlavní kontakt	Primary contact
Hlavní navigace	Main navigation
Hledat zakázku	Search jobs
Hledat zákazníka	Search customers
Hodnota zakázek	Job value
Instalace pracovního osvětlení nad montážním stolem. Před zahájením potvrdit rozmístění.	Install task lighting above the workbench. Confirm the layout before starting.
Instalace tří polic pro vystavení lehkého zboží. Provozovna převzata uklizená.	Install three shelves for lightweight displays. Work area handed over clean and tidy.
IČO	Company ID
IČO dodavatele	Supplier company ID
IČO musí obsahovat přesně 8 číslic.	The company ID must contain exactly 8 digits.
Jazyk	Language
Jiná	Other
Jméno	Name
Jméno / název firmy	Name / company name
Jméno a příjmení	Full name
Jméno, firma nebo kontakt	Name, company or contact
K této zakázce zatím není uložená žádná faktura.	There are no invoices for this job yet.
KAŽDÝ VÍ, CO MÁ NA STAROSTI	EVERYONE KNOWS THEIR RESPONSIBILITIES
KONTAKTY A SOUVISLOSTI	CONTACTS AND CONNECTIONS
Kabelové vedení	Cable routing
Kontakt	Contact
Kontakt pro zakázku	Customer contact for this job
Kontaktní osoby	Contact people
Kontaktní údaje i historie zakázek na jednom místě.	Contact details and job history in one place.
Kontrola faktury	Review invoice
MONTÁŽE & SERVIS	INSTALLATION & SERVICE
Majitel	Owner
Modelov (smyšlené město)	Modelov (fictional town)
Montáž osvětlení	Lighting installation
Montáž polic	Shelf installation
Montáž pracovního pultu a polic v zázemí kavárny. Rozměry jsou potvrzené, materiál připravený. Vstup domluven před otevřením v 7:00.	Install a worktop and shelves in the cafe back room. Dimensions confirmed and materials ready. Access agreed for 7:00 before opening.
Montáž regálů	Storage rack installation
Montáže Modelov — ukázkový tým	Modelov Installations — fictional team
Montáže a servis provozoven	Installation and servicing for small businesses
Měna	Currency
Město	Town
NEVÍTE, KDE ZAČÍT?	NOT SURE WHERE TO START?
Na snímku se nepodařilo najít dostatek textu. Vyfoťte fakturu znovu zblízka.	Not enough text was found. Take a closer picture of the invoice.
Nahrávání vlastních souborů je v této ukázce vypnuté.	Uploading your own files is disabled in this demo.
Naskenovat fakturu	Scan invoice
Ne	No
Neaktivní	Inactive
Nechte prázdné, pokud heslo nechcete měnit.	Leave blank to keep the current password.
Nová	New
Nová faktura	New invoice
Nová zakázka	New job
Nové heslo	New password
Nové heslo znovu	Confirm new password
Nový kontakt	New contact
Nový uživatel	New user
Nový zákazník	New customer
Náhled	Preview
Náhled faktury	Invoice preview
Název	Name
Název zakázky	Job title
Níže zároveň vidíte, která pole by bylo potřeba opravit.	The fields below also show what would need correcting.
OCR není účetní kontrola.	Recognised text still needs checking.
OCR se nepodařilo dokončit. Zkuste menší nebo ostřejší snímek.	The document could not be read. Try a smaller or sharper image.
OD DOMLUVY K DOKONČENÍ	FROM FIRST AGREEMENT TO FINISHED JOB
Obnovení	Restored
Obnovení zákazníka	Customer restored
Obnovit zakázku	Restore job
Obnovit zákazníka	Restore customer
Od kontaktu se zákazníkem až po dokončení zakázky.	From the first customer conversation to a completed job.
Od první domluvy	From the first agreement
Odběratel	Customer
Odběratel / hlavička	Customer / billing details
Odpovědná osoba	Responsible person
Odstranit	Delete
Odstranění faktury	Invoice deleted
Odstranění kontaktu	Contact deleted
Oprava pracovního pultu	Worktop repair
Oprávnění	Access
Opustit demo	Leave demo
Otevřené	Open
Otevřené zakázky	Open jobs
Otevřít ukázkovou zakázku	Explore the sample job
PC WORKBASE / VEŘEJNÁ UKÁZKA	PC WORKBASE / PUBLIC DEMO
PC WORKBASE · Portfolio demo	PC WORKBASE · Portfolio demo
PRACOVNÍ PROSTOR	WORKSPACE
PROSTOR PRO DOBROU PRÁCI	ROOM FOR GOOD WORK
PSČ	Postcode
Platba	Payment method
Po splatnosti	Overdue
Po uložení bude kontakt dostupný také u dalších zakázek tohoto zákazníka.	In normal use, the saved contact would also be available for this customer's other jobs.
Položka	Item
Položky nebyly rozpoznány nebo doplněny.	No line items have been entered.
Popis	Description
Poslední zakázky	Recent jobs
Potvrdit změnu	Confirm change
Použijte obrázek JPG, PNG, WebP nebo PDF.	Use a JPG, PNG, WebP image or PDF.
Použít snímek a přečíst	Read this image
Poznámka	Note
Počet zakázek	Number of jobs
Požadavek se nepodařilo přečíst. Zkuste stránku otevřít znovu.	We could not read this request. Please reopen the page.
Pracovní pult a police, materiál a montáž.	Worktop and shelves, materials and installation.
Pracovní stůl s nářadím v připravované provozovně	Tools on a workbench during a cafe fit-out
Pracovníci	Team
Pracovníci a jejich role	Team and roles
Pracovník	Team member
Pro uložení nového kontaktu doplňte jméno a příjmení.	Enter a full name for the new contact.
Probíhá	In progress
Prohlédněte si práci malého montážního týmu. Bez registrace a bez hesla.	Explore a small installation team's workspace. No registration or password needed.
Prohlíží údaje, zakládá zakázky a kontakty a doplňuje provozní informace. Přehled není omezen jen na jeho zakázky.	Views records, creates jobs and contacts, and updates operational details. Access is not limited to their assigned jobs.
Projděte si zákazníka, odpovědnou osobu, termín, cenu a související fakturu na jedné konkrétní zakázce.	See the customer, responsible person, deadline, price and related invoice together in one sample job.
Práce a materiál	Work and materials
Práce, materiál a cena	Work, materials and price
Přehled	Overview
Přehled práce	Work overview
Přejít na obsah	Skip to content
Překontrolujte hlavně číslo faktury, data a částky. Chybné nebo nerozpoznané údaje doplňte ručně.	Check the invoice number, dates and amounts. Correct missing or incorrect details manually.
Při prvním použití se stáhne český jazykový model. Může to trvat desítky sekund.	The first use downloads a Czech language model. This may take a while.
Přidat další	Add another
Přidat fakturu	Add invoice
Přidání faktury	Invoice added
Přidání kontaktu	Contact added
Příprava rozměrů a návrhu úložných polic pro recepci.	Prepare measurements and a storage shelf layout for the reception area.
Původní rozpoznaný text	Original recognised text
Původní text rozpoznaný ze souboru	Original text read from the document
ROZPRACOVÁNO A NAPLÁNOVÁNO	IN PROGRESS AND PLANNED
Role	Role
Rozměry potvrzeny, tým může zahájit montáž.	Measurements confirmed. The team can begin installation.
Rychlý náhled	Quick preview
Servis dveří	Door servicing
Sestavení a kotvení regálů pro lehký materiál. Zbývá dokončit poslední sekci.	Assemble and anchor storage racks for lightweight materials. The last section remains to be completed.
Sestupně	Descending
Seznam zakázek	Job list
Seznam zákazníků	Customer list
Seřízení dveří a výměna těsnění.	Door adjustment and seal replacement.
Seřízení závěsů a výměna těsnění. Předáno kontaktní osobě bez připomínek.	Adjust hinges and replace seals. Handed over to the customer contact without issues.
Slouží ke kontrole, když OCR některý údaj nezařadilo správně.	Use this to check details that were not recognised correctly.
Smyšlená data. Formuláře si vyzkoušíte, změny se neukládají.	Fictional data. Try the forms; changes are not saved.
Smyšlený doklad pro portfolio. Nejde o výzvu k platbě.	Fictional portfolio document. This is not a payment request.
Smyšlený zákazník pro ukázku pracovního prostoru.	Fictional customer for this workspace demonstration.
Směr	Direction
Soubor je větší než 10 MB. Vyfoťte fakturu v nižším rozlišení.	The file exceeds 10 MB. Use a lower-resolution image.
Souhrn	Summary
Souhrn ceny	Price summary
Splatnost	Due date
Spravuje všechny údaje i uživatele. V ukázce si jeho pohled prohlížíte bez možnosti ukládání.	Manages all records and users. This demo shows the owner's view without saving changes.
Starší montáž stojanu	Archived display stand installation
Stav	Status
Stav zákazníka	Customer status
Stav úhrady	Payment status
Stránka vypršela. Obnovte ji a zkuste to znovu.	This page has expired. Reload it and try again.
Stáhnout PDF	Download PDF
Systém	System
Takový kontakt už je u zákazníka uložený. Vyberte ho z nabídky.	This contact already exists for the customer. Select it from the list.
Tato akce je v ukázce vypnutá.	This action is disabled in the demo.
Technický kontakt	Technical contact
Telefon	Phone
Termín	Deadline
Text není uložen.	No text stored.
Trvale odstranit	Delete permanently
Trvale odstranit fakturu	Delete invoice permanently
Tuto akci nemáte povolenou	This action is not available
Tuto stránku jsme nenašli.	We could not find this page.
U této zakázky zatím není zaznamenaná žádná změna.	No changes have been recorded for this job yet.
UKÁZKA	DEMO
UKÁZKOVÝ DOKLAD — BEZ PLATEBNÍCH ÚDAJŮ	SAMPLE DOCUMENT — NO PAYMENT DETAILS
Uhrazena	Paid
Ukládání originálních souborů zde není implementováno. Nahrávání vlastních souborů je vypnuté.	Original file storage is not implemented here. Uploading your own files is disabled.
Ukázka je dočasně nedostupná. Zkuste to za chvíli.	The demo is temporarily unavailable. Please try again shortly.
Ukázková kontaktní osoba, nejde o skutečný kontakt.	Fictional contact person. These are not real contact details.
Ukázkové termíny a stavy plateb odpovídají datu	Sample deadlines and payment statuses are shown as of
Ukázkoví pracovníci	Sample team members
Ukázkový bankovní převod — neplaťte	Sample bank transfer — do not pay
Ukázkový tým	Sample team
Ukázkový tým. Ve veřejném demu se účty ani oprávnění nemění.	A fictional team. Accounts and permissions cannot be changed in this public demo.
Ulice a číslo	Street and number
Uloženo	Recorded
Uložené kontakty mohou upravovat pouze správci a administrátoři.	Only managers and owners can edit existing contacts.
Uložený kontakt pro zakázku	Existing customer contact
Uložit	Save
Uložit zkontrolované údaje	Save reviewed details
Upravit	Edit
Upravit fakturu	Edit invoice
Upravit kontakt	Edit contact
Upravit zakázku	Edit job
Upravit zákazníka	Edit customer
Upravuje a archivuje záznamy. Nespravuje uživatele a trvale nemaže.	Edits and archives records. Cannot manage users or delete records permanently.
Uživatel	User
V běžném provozu je pracovní prostor přístupný jen přihlášenému týmu. Tady vstoupíte do bezpečné ukázky se smyšlenými údaji.	A working workspace is accessible only to its signed-in team. Here you enter a safe demonstration with fictional data.
V této ukázce najdete údaje z faktur. Uchovávání originálních souborů lze doplnit v řešení na míru, abyste nemuseli dokumenty hledat v e-mailu nebo šanonu.	This demo contains invoice details. A tailored solution could also store original documents, so you would not need to search through emails or folders.
V této části nejsou žádné zakázky.	There are no jobs in this section.
VYZKOUŠEJTE SI POSTUP	TRY THE WORKFLOW
Variabilní symbol	Payment reference
Vedoucí	Manager
Veřejná ukázka	Public demo
Vlastní účet nemůžete deaktivovat.	You cannot deactivate your own account.
Vlastnímu účtu nemůžete odebrat roli administrátora.	You cannot remove your own owner role.
Volitelné. Uloží se do historie této úpravy.	Optional. In normal use, this would appear in the change history.
Vstoupit s demo účtem	Enter with a demo account
Vstup do pracovního prostoru	Enter the workspace
Vyberte buď uložený kontakt, nebo zadejte nový kontakt ručně.	Select an existing contact or enter a new one, not both.
Vyberte uložený kontakt, nebo níže založte nový. Nevyplňujte obě možnosti současně.	Select an existing contact or enter a new contact below. Do not complete both options.
Vybraný kontakt nepatří tomuto zákazníkovi.	The selected contact does not belong to this customer.
Vybrat obrázek nebo PDF	Choose an image or PDF
Vyfotit fakturu	Photograph invoice
Vyfotit znovu	Take another photo
Vyfoťte fakturu nebo vyberte PDF.	Take an invoice photo or choose a PDF.
Vyfoťte fakturu rovně, bez stínů a tak, aby vyplnila celý snímek. Fotografie se přečte přímo v telefonu a na server odejde jen rozpoznaný text. Vybrané PDF aplikace neuloží.	Take a straight, well-lit photo of the invoice. The photo is read on your device; only recognised text is sent to the server. PDFs are not stored.
Vyplňte pole stejně jako při běžné práci. Do ukázky zadávejte pouze smyšlené údaje.	Fill in the fields as you would during normal work. Please use fictional details only.
Vystavení	Issued
Vytvořeno	Created
Vytvořil	Created by
Vzestupně	Ascending
Váš pracovní	Your
Váš pracovní prostor	Your workspace
Váš účet má roli	Your account role is
Výměna poškozené pracovní desky a kontrola uchycení.	Replace the damaged worktop and inspect its fixings.
Výměna svítidel	Light fixture replacement
VŠE DŮLEŽITÉ NA JEDNOM MÍSTĚ	EVERYTHING IMPORTANT IN ONE PLACE
Všechny	All jobs
Všichni	All customers
Zadaná hesla se neshodují.	The passwords do not match.
Zadaný obsah je příliš dlouhý.	The submitted content is too long.
Zadejte alespoň 2 znaky.	Enter at least 2 characters.
Zakázka	Job
Zakázka byla přeřazena k vybranému zákazníkovi.	The job has been reassigned to the selected customer.
Zakázka je nyní přiřazena zákazníkovi	The job is currently assigned to
Zakázky	Jobs
Založeno	Created
Založení	Created
Založení zákazníka	Customer created
Zatím není uložená kontaktní osoba.	No contact person has been added yet.
Zatím není zaznamenaná žádná změna zákazníka ani jeho kontaktů.	No changes to this customer or their contacts have been recorded yet.
Zkontrolovat načtené údaje	Review recognised details
Zkontrolujte IČO dodavatele; rozpoznaná hodnota nevypadá platně.	Check the supplier company ID; this value does not look valid.
Změna zákazníka	Customer reassigned
Změnit zákazníka	Change customer
Změnit zákazníka nebo kontakt…	Change customer or contact…
Změnit zákazníka zakázky	Change the job's customer
Změny	Changes
Změny se neukládají. Vlastní soubory se nenahrávají.	Changes are not saved. Personal files cannot be uploaded.
Změny se neuložily.	Your changes were not saved.
Změny se v ukázce neukládají.	Changes are not saved in the demo.
Změny se v ukázce neukládají. Formulář si můžete vyzkoušet, původní ukázková data zůstanou beze změny.	Changes are not saved in this demo. You can try the form; the original sample data will stay unchanged.
Zobrazení	View
Zobrazit historii zákazníka a jeho kontaktů	View customer and contact history
Zobrazit všechny →	View all →
Zpět na faktury	Back to invoices
Zpět na přehled	Back to overview
Zpět na zakázku	Back to job
Způsob platby	Payment method
Zrušena	Cancelled
Zrušené	Cancelled
Zrušit	Cancel
Zákazníci	Customers
Zákazníci, zakázky, faktury a důležité informace přehledně na jednom místě.	Customers, jobs, invoices and important information clearly organised in one place.
Zákazník	Customer
Zákazník #	Customer #
Zákazník odložil úpravy provozovny. Práce nebyly zahájeny.	The customer postponed the fit-out. Work has not started.
Zákazník, termín, odpovědná osoba a stav práce vždy po ruce.	Customer, deadline, responsible person and job status always at hand.
Zákazníka se zakázkami nelze trvale odstranit. Nejdříve ho archivujte.	A customer with jobs cannot be permanently deleted. Archive them first.
Základ daně	Net amount
bez e-mailu	no email
bez telefonu	no phone
bez čísla	no number
historie zakázek	job history
historie zákazníků	customer history
kontaktní osoba	contact person
kontaktní osoby	contact people
odstraněno	deleted
po hotovou zakázku.	to the finished job.
prostor.	workspace.
uživatelem	by
zakázka	job
zakázky	jobs
změna zakázky	job change
změna zákazníka	customer change
zákazníci	customers
zákazník	customer
· PC WORKBASE	· PC WORKBASE
· archivováno	· archived
· faktura	· invoice
Údaje faktury	Invoice details
Údaje faktury byly upraveny.	Invoice details updated.
Údaje zákazníka	Customer details
Úhrada	Payment
Úprava	Updated
Úprava dvou pracovních stolů a ochranné hrany.	Adjustment of two workbenches and protective edges.
Úprava faktury	Invoice updated
Úprava kontaktu	Contact updated
Úprava pracovních stolů	Workbench adjustments
Úprava recepce	Reception fit-out
Úprava zákazníka	Customer updated
Úprava zázemí kavárny	Cafe back-room fit-out
Úprava zázemí prodejny	Shop back-room fit-out
Čeká	Waiting
Čeká na úhradu	Awaiting payment
Čekáme na finální rozmístění pracovních míst před montáží lišt.	Waiting for the final desk layout before installing cable trunking.
Čekáme na potvrzení termínu dodání vybraných svítidel.	Waiting for confirmation of the selected light fixtures' delivery date.
Člen nemůže měnit fakturu u archivované nebo zrušené zakázky.	A team member cannot edit invoices for archived or cancelled jobs.
Člen nemůže upravovat archivovanou nebo zrušenou zakázku.	A team member cannot edit archived or cancelled jobs.
Čtu fakturu v telefonu…	Reading the invoice on your device…
Číslo	Number
Číslo faktury	Invoice number
Číslo zakázky	Job number
Číslo, zakázka nebo zákazník	Number, job or customer
Řazení	Sort by
Žádná zakázka neodpovídá filtru.	No jobs match your filters.
Žádné skutečné zákaznické údaje.	No real customer data.
Žádný zákazník neodpovídá filtru.	No customers match your filters.
← Zpět	← Back
Administrátor	Owner
Správce	Manager
Člen	Team member
Jednatel	Company representative
Objednatel	Ordering contact
Načítám…	Loading…
Náhled se nepodařilo načíst. Obnovte stránku nebo otevřete detail.	The preview could not be loaded. Reload the page or open the details.
Kontakty se nepodařilo načíst. Obnovte stránku a zkuste to znovu.	Contacts could not be loaded. Reload the page and try again.
Poslední změna	Last updated
Naposledy upravil	Last updated by
Datum splatnosti	Due date
Adresa dodavatele	Supplier address
Fotografie nebo PDF faktury	Invoice photo or PDF
POSLEDNÍ ZÁZNAMY	RECENT RECORDS
Zadat nový kontakt ručně	Enter a new contact manually
